nconst,primaryName,birthYear,deathYear,primaryName_clean
nm0001173,Aaron Eckhart,1968,,aaron eckhart
nm1093951,Aaron Taylor-Johnson,1990,,aaron taylor johnson
nm1113550,Abigail Breslin,1996,,abigail breslin
nm3485845,Adam Driver,1983,,adam driver
nm0001191,Adam Sandler,1966,,adam sandler
nm0015382,Adewale Akinnuoye-Agbaje,1967,,adewale akinnuoye agbaje
nm0128360,Adolph Caesar,1933,1986,adolph caesar
nm0579663,Adolphe Menjou,1890,1963,adolphe menjou
nm0056770,Adriana Barraza,1956,,adriana barraza
nm0004778,Adrien Brody,1973,,adrien brody
nm0001547,Agnes Moorehead,1900,1974,agnes moorehead
nm0848667,Akim Tamiroff,1899,1972,akim tamiroff
nm0000199,Al Pacino,1940,,al pacino
nm0000257,Alan Alda,1936,,alan alda
nm0000273,Alan Arkin,1934,,alan arkin
nm0000869,Alan Bates,1934,2003,alan bates
nm0000614,Alan Rickman,1946,2016,alan rickman
nm0876138,Alan Tudyk,1971,,alan tudyk
nm0060168,Albert Bassermann,1867,1952,albert bassermann
nm0000983,Albert Brooks,1947,,albert brooks
nm0001215,Albert Finney,1936,2019,albert finney
nm0000285,Alec Baldwin,1958,,alec baldwin
nm0000027,Alec Guinness,1914,2000,alec guinness
nm0461594,Alexander Knox,1907,1995,alexander knox
nm1573253,Alexander Ludwig,1992,,alexander ludwig
nm0005569,Alfre Woodard,1952,,alfre woodard
nm0526795,Alfred Lunt,1892,1977,alfred lunt
nm0532298,Ali MacGraw,1939,,ali macgraw
nm0103567,Alice Brady,1892,1939,alice brady
nm2539953,Alicia Vikander,1988,,alicia vikander
nm0001860,Alicia Witt,1975,,alicia witt
nm0533956,Aline MacMahon,1899,1991,aline macmahon
nm0005049,Allison Janney,1959,,allison janney
nm0004989,Alyson Hannigan,1974,,alyson hannigan
nm1086543,Amanda Seyfried,1985,,amanda seyfried
nm0000821,Amitabh Bachchan,1942,,amitabh bachchan
nm0010736,Amy Adams,1974,,amy adams
nm0001388,Amy Irving,1953,,amy irving
nm0001496,Amy Madigan,1950,,amy madigan
nm0688132,Amy Poehler,1971,,amy poehler
nm0752407,Amy Ryan,1968,,amy ryan
nm1869101,Ana de Armas,1988,,ana de armas
nm7363531,Andra Day,1984,,andra day
nm0498571,Andrea Leeds,1914,1984,andrea leeds
nm1940449,Andrew Garfield,1983,,andrew garfield
nm0795576,Andrew Shue,1967,,andrew shue
nm0000412,Andy Garcia,1956,,andy garcia
nm0490489,Andy Lau,1961,,andy lau
nm1676221,Andy Samberg,1978,,andy samberg
nm0785227,Andy Serkis,1964,,andy serkis
nm0000291,Angela Bassett,1958,,angela bassett
nm0001450,Angela Lansbury,1925,,angela lansbury
nm0001401,Angelina Jolie,1975,,angelina jolie
nm0001378,Anjelica Huston,1951,,anjelica huston
nm0001955,Ann Blyth,1928,,ann blyth
nm0362267,Ann Harding,1902,1981,ann harding
nm0000268,Ann-Margret,1941,,ann margret
nm0815433,Ann Sothern,1909,2001,ann sothern
nm0267506,Anna Faris,1976,,anna faris
nm0447695,Anna Kendrick,1985,,anna kendrick
nm0536167,Anna Magnani,1908,1973,anna magnani
nm0001593,Anna Paquin,1982,,anna paquin
nm0691600,Anna Popplewell,1988,,anna popplewell
nm1455681,AnnaSophia Robb,1993,,annasophia robb
nm0000271,Anne Archer,1947,,anne archer
nm0000843,Anne Bancroft,1931,2005,anne bancroft
nm0000879,Anne Baxter,1923,1985,anne baxter
nm0004266,Anne Hathaway,1982,,anne hathaway
nm0001649,Anne Ramsey,1929,1988,anne ramsey
nm0720843,Anne Revere,1903,1990,anne revere
nm0794297,Anne Shirley,1918,1993,anne shirley
nm0000906,Annette Bening,1958,,annette bening
nm0001633,Annie Potts,1952,,annie potts
nm0000733,Anouk Aimée,1932,,anouk aimee
nm0000355,Anthony Daniels,1946,,anthony daniels
nm0290047,Anthony Franciosa,1928,2006,anthony franciosa
nm0000164,Anthony Hopkins,1937,,anthony hopkins
nm1107001,Anthony Mackie,1978,,anthony mackie
nm0000578,Anthony Perkins,1932,1992,anthony perkins
nm0703033,Anthony Quayle,1913,1989,anthony quayle
nm0000063,Anthony Quinn,1915,2001,anthony quinn
nm0947338,Anton Yelchin,1989,2016,anton yelchin
nm0000104,Antonio Banderas,1960,,antonio banderas
nm3812858,Ariana Grande,1993,,ariana grande
nm0000090,Armin Mueller-Stahl,1930,,armin mueller stahl
nm0000216,Arnold Schwarzenegger,1947,,arnold schwarzenegger
nm0138770,Art Carney,1918,2003,art carney
nm0402277,Arthur Hunnicutt,1910,1979,arthur hunnicutt
nm0447913,Arthur Kennedy,1914,1990,arthur kennedy
nm0640023,Arthur O'Connell,1908,1981,arthur o'connell
nm0000171,Ashley Judd,1968,,ashley judd
nm0005110,Ashton Kutcher,1978,,ashton kutcher
nm0567653,Audra McDonald,1970,,audra mcdonald
nm0000030,Audrey Hepburn,1929,1993,audrey hepburn
nm0851582,Audrey Tautou,1976,,audrey tautou
nm0001257,Ava Gardner,1922,1990,ava gardner
nm5377144,Awkwafina,1988,,awkwafina
nm0057363,Barbara Barrie,1931,,barbara barrie
nm0000895,Barbara Bel Geddes,1922,2005,barbara bel geddes
nm0364455,Barbara Harris,1935,2018,barbara harris
nm0001347,Barbara Hershey,1948,,barbara hershey
nm0641966,Barbara O'Neil,1910,1980,barbara o'neil
nm0001766,Barbara Stanwyck,1907,1990,barbara stanwyck
nm0000659,Barbra Streisand,1942,,barbra streisand
nm5831542,Barkhad Abdi,1985,,barkhad abdi
nm0280178,Barry Fitzgerald,1888,1961,barry fitzgerald
nm0001651,Basil Rathbone,1892,1967,basil rathbone
nm0723968,Beah Richards,1920,2000,beah richards
nm0833152,Beatrice Straight,1914,2001,beatrice straight
nm0000255,Ben Affleck,1972,,ben affleck
nm0424565,Ben Johnson,1918,1996,ben johnson
nm0001426,Ben Kingsley,1943,,ben kingsley
nm0578853,Ben Mendelsohn,1969,,ben mendelsohn
nm0001774,Ben Stiller,1965,,ben stiller
nm1212722,Benedict Cumberbatch,1976,,benedict cumberbatch
nm0938950,Benedict Wong,1970,,benedict wong
nm0001125,Benicio Del Toro,1967,,benicio del toro
nm0067367,Bérénice Bejo,1976,,berenice bejo
nm0522281,Bessie Love,1898,1986,bessie love
nm0086198,Betsy Blair,1923,2009,betsy blair
nm0000012,Bette Davis,1908,1989,bette davis
nm0000541,Bette Midler,1945,,bette midler
nm0173993,Betty Compson,1897,1974,betty compson
nm0094135,Beulah Bondi,1889,1981,beulah bondi
nm0352778,Bill Hader,1978,,bill hader
nm3673242,Bill Murray,1908,1986,bill murray
nm0631490,Bill Nighy,1949,,bill nighy
nm0000597,Bill Pullman,1953,,bill pullman
nm0803889,Bill Skarsgård,1990,,bill skarsgard
nm0000992,Billie Burke,1884,1970,billie burke
nm0000671,Billy Bob Thornton,1955,,billy bob thornton
nm0000345,Billy Crystal,1948,,billy crystal
nm2813994,Billy Eichner,1978,,billy eichner
nm0001078,Bing Crosby,1903,1977,bing crosby
nm0001100,Blythe Danner,1943,,blythe danner
nm0000137,Bo Derek,1956,,bo derek
nm0001364,Bob Hoskins,1942,2014,bob hoskins
nm0627878,Bob Newhart,1929,,bob newhart
nm0756114,Bob Saget,1956,2022,bob saget
nm0201239,Bobby Darin,1936,1973,bobby darin
nm0335748,Bonita Granville,1923,1988,bonita granville
nm0001372,Bonnie Hunt,1961,,bonnie hunt
nm0000374,Brad Dourif,1950,,brad dourif
nm0000093,Brad Pitt,1963,,brad pitt
nm0177896,Bradley Cooper,1975,,bradley cooper
nm0000950,Brenda Blethyn,1946,,brenda blethyn
nm0002084,Brenda Fricker,1945,,brenda fricker
nm0882853,Brenda Vaccaro,1939,,brenda vaccaro
nm0000409,Brendan Fraser,1968,,brendan fraser
nm0000731,Brian Aherne,1902,1986,brian aherne
nm0002046,Brian Donlevy,1901,1972,brian donlevy
nm0488953,Brie Larson,1989,,brie larson
nm0811242,Brittany Snow,1986,,brittany snow
nm0002024,Broderick Crawford,1911,1986,broderick crawford
nm0001117,Bruce Davison,1946,,bruce davison
nm0001136,Bruce Dern,1936,,bruce dern
nm0000246,Bruce Willis,1955,,bruce willis
nm0186505,Bryan Cranston,1956,,bryan cranston
nm0397171,Bryce Dallas Howard,1981,,bryce dallas howard
nm0580565,Burgess Meredith,1907,1997,burgess meredith
nm0412322,Burl Ives,1909,1995,burl ives
nm0000044,Burt Lancaster,1913,1994,burt lancaster
nm0000608,Burt Reynolds,1936,2018,burt reynolds
nm0949350,Burt Young,1940,,burt young
nm0000139,Cameron Diaz,1972,,cameron diaz
nm0000298,Candice Bergen,1946,,candice bergen
nm0163748,Candy Clark,1947,,candy clark
nm0930209,Cara Williams,1925,2021,cara williams
nm1659547,Carey Mulligan,1985,,carey mulligan
nm0001303,Carla Gugino,1971,,carla gugino
nm0151919,Carol Channing,1921,2019,carol channing
nm0001406,Carol Kane,1952,,carol kane
nm0001479,Carole Lombard,1908,1942,carole lombard
nm0427700,Carolyn Jones,1930,1983,carolyn jones
nm0000402,Carrie Fisher,1956,2016,carrie fisher
nm0811202,Carrie Snodgress,1945,2004,carrie snodgress
nm0004647,Carroll Baker,1931,,carroll baker
nm0000026,Cary Grant,1904,1986,cary grant
nm0000729,Casey Affleck,1975,,casey affleck
nm1503432,Catalina Sandino Moreno,1981,,catalina sandino moreno
nm0000949,Cate Blanchett,1969,,cate blanchett
nm0122610,Catherine Burns,1945,2019,catherine burns
nm0000366,Catherine Deneuve,1943,,catherine deneuve
nm0001416,Catherine Keener,1959,,catherine keener
nm0005289,Catherine Oxenberg,1961,,catherine oxenberg
nm0001876,Catherine Zeta-Jones,1969,,catherine zeta jones
nm0001550,Cathy Moriarty,1960,,cathy moriarty
nm0445523,Cecil Kellaway,1890,1973,cecil kellaway
nm0147825,Cedric the Entertainer,1964,,cedric the entertainer
nm0002141,Celeste Holm,1917,2012,celeste holm
nm0424743,Celia Johnson,1908,1982,celia johnson
nm1569276,Chadwick Boseman,1976,2020,chadwick boseman
nm1475594,Channing Tatum,1980,,channing tatum
nm0001948,Charles Bickford,1891,1967,charles bickford
nm0000964,Charles Boyer,1899,1978,charles boyer
nm0002013,Charles Coburn,1877,1961,charles coburn
nm0001164,Charles Durning,1923,2012,charles durning
nm0001452,Charles Laughton,1899,1962,charles laughton
nm0206359,Charlie Day,1976,,charlie day
nm0000221,Charlie Sheen,1965,,charlie sheen
nm0000234,Charlize Theron,1975,,charlize theron
nm0001648,Charlotte Rampling,1946,,charlotte rampling
nm0000032,Charlton Heston,1923,2008,charlton heston
nm0001590,Chazz Palminteri,1952,,chazz palminteri
nm0000333,Cher,1946,,cher
nm0606431,Chester Morris,1901,1970,chester morris
nm0000331,Chevy Chase,1943,,chevy chase
nm0313381,Chief Dan George,1899,1981,chief dan george
nm0932629,Chill Wills,1902,1978,chill wills
nm0252230,Chiwetel Ejiofor,1977,,chiwetel ejiofor
nm1631269,Chloë Grace Moretz,1997,,chloe grace moretz
nm0001721,Chloë Sevigny,1974,,chloe sevigny
nm0177933,Chris Cooper,1951,,chris cooper
nm0262632,Chris Evans,1966,,chris evans
nm1165110,Chris Hemsworth,1983,,chris hemsworth
nm1517976,Chris Pine,1980,,chris pine
nm0695435,Chris Pratt,1979,,chris pratt
nm0001674,Chris Rock,1965,,chris rock
nm0001697,Chris Sarandon,1942,,chris sarandon
nm0000676,Chris Tucker,1971,,chris tucker
nm0000288,Christian Bale,1974,,christian bale
nm0376716,Christina Hendricks,1975,,christina hendricks
nm0001441,Christine Lahti,1950,,christine lahti
nm0910607,Christoph Waltz,1956,,christoph waltz
nm2395586,Christopher Mintz-Plasse,1989,,christopher mintz plasse
nm0001626,Christopher Plummer,1929,2021,christopher plummer
nm0000686,Christopher Walken,1943,,christopher walken
nm0001569,Chuck Norris,1940,,chuck norris
nm0001807,Cicely Tyson,1924,2021,cicely tyson
nm0872456,Claire Trevor,1910,2000,claire trevor
nm0000022,Clark Gable,1901,1960,clark gable
nm0163988,Clark Gregg,1962,,clark gregg
nm0001647,Claude Rains,1889,1967,claude rains
nm0001055,Claudette Colbert,1903,1996,claudette colbert
nm0731772,Cliff Robertson,1923,2011,cliff robertson
nm0916067,Clifton Webb,1889,1966,clifton webb
nm0000142,Clint Eastwood,1930,,clint eastwood
nm0654110,Clive Owen,1964,,clive owen
nm0001458,Cloris Leachman,1926,2021,cloris leachman
nm0545376,Colette Marchand,1925,2015,colette marchand
nm0268200,Colin Farrell,1938,,colin farrell
nm0000147,Colin Firth,1960,,colin firth
nm0341464,Corinne Griffith,1894,1979,corinne griffith
nm0664273,Cornel Wilde,1912,1989,cornel wilde
nm0001073,Courteney Cox,1964,,courteney cox
nm0272401,Craig Ferguson,1962,,craig ferguson
nm0005266,Craig T. Nelson,1944,,craig t. nelson
nm0000421,Cuba Gooding Jr.,1968,,cuba gooding jr.
nm7248827,Cynthia Erivo,1987,,cynthia erivo
nm0633223,Cynthia Nixon,1966,,cynthia nixon
nm5397459,Daisy Ridley,1992,,daisy ridley
nm0424848,Dakota Johnson,1989,,dakota johnson
nm0000101,Dan Aykroyd,1952,,dan aykroyd
nm0197314,Dan Dailey,1915,1978,dan dailey
nm0283945,Dan Fogler,1976,,dan fogler
nm0641397,Dan O'Herlihy,1919,2005,dan o'herlihy
nm1405398,Dan Stevens,1982,,dan stevens
nm11637386,Dan Whitney,,,dan whitney
nm0001022,Dana Carvey,1955,,dana carvey
nm1775091,Danai Gurira,1978,,danai gurira
nm0185819,Daniel Craig,1968,,daniel craig
nm0000358,Daniel Day-Lewis,1957,,daniel day lewis
nm2257207,Daniel Kaluuya,1989,,daniel kaluuya
nm0557292,Daniel Massey,1933,1998,daniel massey
nm0705356,Daniel Radcliffe,1989,,daniel radcliffe
nm0827663,Daniel Stern,1957,,daniel stern
nm0000732,Danny Aiello,1933,2019,danny aiello
nm0000362,Danny DeVito,1944,,danny devito
nm0000418,Danny Glover,1946,,danny glover
nm1176985,Dave Bautista,1969,,dave bautista
nm0001327,David Hasselhoff,1952,,david hasselhoff
nm0000057,David Niven,1910,1983,david niven
nm0001601,David Paymer,1954,,david paymer
nm0001710,David Schwimmer,1966,,david schwimmer
nm0005450,David Spade,1964,,david spade
nm0000657,David Strathairn,1949,,david strathairn
nm0415591,Dean Jagger,1903,1991,dean jagger
nm0001777,Dean Stockwell,1936,2021,dean stockwell
nm0001666,Debbie Reynolds,1932,2016,debbie reynolds
nm0000039,Deborah Kerr,1921,2007,deborah kerr
nm0000700,Debra Winger,1955,,debra winger
nm0000193,Demi Moore,1962,,demi moore
nm0065007,Demián Bichir,1963,,demian bichir
nm0001186,Denholm Elliott,1922,1992,denholm elliott
nm0001459,Denis Leary,1957,,denis leary
nm0000454,Dennis Hopper,1936,2010,dennis hopper
nm0000598,Dennis Quaid,1954,,dennis quaid
nm0000243,Denzel Washington,1954,,denzel washington
nm2353862,Dev Patel,1990,,dev patel
nm0330143,Dexter Gordon,1923,1990,dexter gordon
nm0004429,Dharmendra,1935,,dharmendra
nm0140792,Diahann Carroll,1935,2019,diahann carroll
nm0005384,Diana Ross,1944,,diana ross
nm0769311,Diana Scarwid,1955,,diana scarwid
nm0944087,Diana Wynyard,1906,1964,diana wynyard
nm0162283,Diane Cilento,1932,2011,diane cilento
nm0000473,Diane Keaton,1946,,diane keaton
nm0002663,Diane Ladd,1935,,diane ladd
nm0000178,Diane Lane,1965,,diane lane
nm0890215,Diane Varsi,1938,1992,diane varsi
nm0001848,Dianne Wiest,1946,,dianne wiest
nm0526019,Diego Luna,1979,,diego luna
nm0474801,Dilip Kumar,1922,2021,dilip kumar
nm0005023,Djimon Hounsou,1964,,djimon hounsou
nm0000185,Dolph Lundgren,1957,,dolph lundgren
nm1727304,Domhnall Gleeson,1983,,domhnall gleeson
nm0000747,Don Ameche,1908,1993,don ameche
nm0000332,Don Cheadle,1964,,don cheadle
nm0614916,Don Murray,1929,,don murray
nm0187981,Donald Crisp,1882,1974,donald crisp
nm2255973,Donald Glover,1983,,donald glover
nm0001656,Donna Reed,1921,1986,donna reed
nm0947447,Donnie Yen,1963,,donnie yen
nm0206382,Doris Day,1910,1998,doris day
nm0199268,Dorothy Dandridge,1922,1965,dorothy dandridge
nm0540416,Dorothy Malone,1924,2018,dorothy malone
nm0570192,Dorothy McGuire,1916,2001,dorothy mcguire
nm0000106,Drew Barrymore,1975,,drew barrymore
nm0001545,Dudley Moore,1935,2002,dudley moore
nm0000163,Dustin Hoffman,1937,,dustin hoffman
nm0425005,Dwayne Johnson,1972,,dwayne johnson
nm0001007,Dyan Cannon,1937,,dyan cannon
nm0066769,Ed Begley,1864,1933,ed begley
nm0000438,Ed Harris,1950,,ed harris
nm1159180,Ed Helms,1974,,ed helms
nm0943956,Ed Wynn,1886,1966,ed wynn
nm0000734,Eddie Albert,1906,2005,eddie albert
nm0000552,Eddie Murphy,1961,,eddie murphy
nm1519666,Eddie Redmayne,1982,,eddie redmayne
nm0004908,Edie Falco,1963,,edie falco
nm0262725,Edith Evans,1888,1976,edith evans
nm0639529,Edmond O'Brien,1915,1985,edmond o'brien
nm0350324,Edmund Gwenn,1877,1959,edmund gwenn
nm0646829,Edna May Oliver,1883,1942,edna may oliver
nm0122655,Edward Burns,1879,1954,edward burns
nm0001579,Edward James Olmos,1947,,edward james olmos
nm0001570,Edward Norton,1969,,edward norton
nm0107281,Eileen Brennan,1932,2013,eileen brennan
nm0373012,Eileen Heckart,1919,2001,eileen heckart
nm0662223,Eleanor Parker,1922,2013,eleanor parker
nm0000704,Elijah Wood,1981,,elijah wood
nm0074949,Elisabeth Bergner,1897,1986,elisabeth bergner
nm0000223,Elisabeth Shue,1963,,elisabeth shue
nm0006969,Elizabeth Banks,1974,,elizabeth banks
nm4456120,Elizabeth Debicki,1990,,elizabeth debicki
nm0366946,Elizabeth Hartman,1943,1987,elizabeth hartman
nm0001527,Elizabeth McGovern,1961,,elizabeth mcgovern
nm0000548,Elizabeth Montgomery,1933,1995,elizabeth montgomery
nm0647634,Elizabeth Olsen,1989,,elizabeth olsen
nm0852331,Elizabeth Taylor,1912,1975,elizabeth taylor
nm0000289,Ellen Barkin,1954,,ellen barkin
nm0000995,Ellen Burstyn,1932,,ellen burstyn
nm0179289,Ellen Corby,1911,1999,ellen corby
nm0001122,Ellen DeGeneres,1958,,ellen degeneres
nm0690186,Ellen Pompeo,1969,,ellen pompeo
nm2608689,Ellie Kemper,1980,,ellie kemper
nm0680983,Elliot Page,1987,,elliot page
nm0001285,Elliott Gould,1938,,elliott gould
nm0006471,Elsa Lanchester,1902,1986,elsa lanchester
nm0417837,Emil Jannings,1884,1950,emil jannings
nm0000389,Emilio Estevez,1962,,emilio estevez
nm1289434,Emily Blunt,1983,,emily blunt
nm0001833,Emily Watson,1967,,emily watson
nm1297015,Emma Stone,1988,,emma stone
nm0000668,Emma Thompson,1959,,emma thompson
nm0914612,Emma Watson,1990,,emma watson
nm0728938,Emmanuelle Riva,1927,2017,emmanuelle riva
nm0028143,Eric André,1972,,eric andre
nm0051509,Eric Bana,1968,,eric bana
nm1578287,Eric Roberts,1914,2010,eric roberts
nm0832314,Eric Stonestreet,1971,,eric stonestreet
nm0002233,Erich von Stroheim,1885,1957,erich von stroheim
nm0000308,Ernest Borgnine,1917,2012,ernest borgnine
nm0754676,Ernie Sabella,1949,,ernie sabella
nm0663820,Estelle Parsons,1927,,estelle parsons
nm0000160,Ethan Hawke,1970,,ethan hawke
nm0000856,Ethel Barrymore,1879,1959,ethel barrymore
nm0914083,Ethel Waters,1896,1977,ethel waters
nm0506405,Eugene Levy,1946,,eugene levy
nm1200692,Eva Green,1980,,eva green
nm0499170,Eva Le Gallienne,1899,1991,eva le gallienne
nm0001693,Eva Marie Saint,1924,,eva marie saint
nm1431940,Evangeline Lilly,1979,,evangeline lilly
nm0000781,Eve Arden,1908,1990,eve arden
nm0000191,Ewan McGregor,1971,,ewan mcgregor
nm3009232,Ezra Miller,1992,,ezra miller
nm0000719,F. Murray Abraham,1939,,f. murray abraham
nm0047810,Fay Bainter,1893,1968,fay bainter
nm0001159,Faye Dunaway,1941,,faye dunaway
nm0005031,Felicity Huffman,1962,,felicity huffman
nm0428065,Felicity Jones,1983,,felicity jones
nm0005244,Fernanda Montenegro,1929,,fernanda montenegro
nm0733460,Flora Robson,1902,1984,flora robson
nm0441042,Florence Kasumba,1976,,florence kasumba
nm6073955,Florence Pugh,1996,,florence pugh
nm0001845,Forest Whitaker,1961,,forest whitaker
nm0004920,Frances Fisher,1952,,frances fisher
nm0000531,Frances McDormand,1957,,frances mcdormand
nm0867144,Franchot Tone,1905,1968,franchot tone
nm0277975,Frank Finlay,1926,2016,frank finlay
nm0001449,Frank Langella,1938,,frank langella
nm0604656,Frank Morgan,1890,1949,frank morgan
nm0000069,Frank Sinatra,1915,1998,frank sinatra
nm0000001,Fred Astaire,1899,1987,fred astaire
nm0002078,Frederic Forrest,1936,,frederic forrest
nm0545298,Fredric March,1897,1975,fredric march
nm2829737,Gabourey Sidibe,1983,,gabourey sidibe
nm2933757,Gal Gadot,1985,,gal gadot
nm0814216,Gale Sondergaard,1899,1985,gale sondergaard
nm0000997,Gary Busey,1944,,gary busey
nm0000011,Gary Cooper,1901,1961,gary cooper
nm0000198,Gary Oldman,1958,,gary oldman
nm0000641,Gary Sinise,1955,,gary sinise
nm0000133,Geena Davis,1956,,geena davis
nm2110418,Gemma Chan,1982,,gemma chan
nm0001687,Gena Rowlands,1930,,gena rowlands
nm0000432,Gene Hackman,1930,,gene hackman
nm0000037,Gene Kelly,1912,1996,gene kelly
nm0516876,Gene Lockhart,1891,1957,gene lockhart
nm0000074,Gene Tierney,1920,1991,gene tierney
nm0000698,Gene Wilder,1933,2016,gene wilder
nm0000991,Geneviève Bujold,1942,,genevieve bujold
nm0001691,Geoffrey Rush,1951,,geoffrey rush
nm0002183,George Arliss,1868,1946,george arliss
nm0051628,George Bancroft,1882,1956,george bancroft
nm0122675,George Burns,1896,1996,george burns
nm0001715,George C. Scott,1927,1999,george c. scott
nm0001995,George Chakiris,1932,,george chakiris
nm0000123,George Clooney,1961,,george clooney
nm0001421,George Kennedy,1925,2016,george kennedy
nm0520064,George Lopez,1961,,george lopez
nm0001695,George Sanders,1906,1972,george sanders
nm1034255,George Segal,1924,2000,george segal
nm1670137,Georgie Henley,1995,,georgie henley
nm0280242,Geraldine Fitzgerald,1913,2005,geraldine fitzgerald
nm0656183,Geraldine Page,1924,1987,geraldine page
nm0124930,Gerard Butler,1969,,gerard butler
nm0000367,Gérard Depardieu,1948,,gerard depardieu
nm0316284,Giancarlo Giannini,1942,,giancarlo giannini
nm0949574,Gig Young,1913,1978,gig young
nm0001677,Ginger Rogers,1911,1995,ginger rogers
nm0329481,Ginnifer Goodwin,1978,,ginnifer goodwin
nm0178066,Gladys Cooper,1888,1971,gladys cooper
nm0313438,Gladys George,1900,1954,gladys george
nm0413559,Glenda Jackson,1936,,glenda jackson
nm0000335,Glenn Close,1947,,glenn close
nm0002108,Gloria Grahame,1923,1981,gloria grahame
nm0001784,Gloria Stuart,1910,2010,gloria stuart
nm0841797,Gloria Swanson,1899,1983,gloria swanson
nm0424318,Glynis Johns,1923,,glynis johns
nm0000443,Goldie Hawn,1945,,goldie hawn
nm0000038,Grace Kelly,1929,1982,grace kelly
nm0601254,Grace Moore,1898,1947,grace moore
nm0001294,Graham Greene,1904,1991,graham greene
nm0355621,Grayson Hall,1922,1985,grayson hall
nm0002093,Greer Garson,1904,1996,greer garson
nm0001427,Greg Kinnear,1963,,greg kinnear
nm0000060,Gregory Peck,1916,2003,gregory peck
nm0001256,Greta Garbo,1905,1990,greta garbo
nm1813221,Gugu Mbatha-Raw,1983,,gugu mbatha raw
nm0668933,Guy Pearce,1893,1979,guy pearce
nm3729225,Gwendoline Christie,1978,,gwendoline christie
nm0000569,Gwyneth Paltrow,1972,,gwyneth paltrow
nm2794962,Hailee Steinfeld,1996,,hailee steinfeld
nm0628955,Haing S. Ngor,1940,1996,haing s. ngor
nm0001358,Hal Holbrook,1925,2021,hal holbrook
nm0005286,Haley Joel Osment,1988,,haley joel osment
nm0000932,Halle Berry,1966,,halle berry
nm2868110,Hannibal Buress,1983,,hannibal buress
nm0751174,Harold Russell,1914,2002,harold russell
nm0001230,Harrison Ford,1884,1957,harrison ford
nm0002503,Harry Carey,1878,1947,harry carey
nm0000172,Harvey Keitel,1939,,harvey keitel
nm0567408,Hattie McDaniel,1893,1952,hattie mcdaniel
nm0159789,Hayden Christensen,1981,,hayden christensen
nm0005132,Heath Ledger,1979,2008,heath ledger
nm0001287,Heather Graham,1970,,heather graham
nm0371041,Helen Hayes,1893,1932,helen hayes
nm0402468,Helen Hunt,1902,1996,helen hunt
nm0000545,Helen Mirren,1945,,helen mirren
nm0000307,Helena Bonham Carter,1966,,helena bonham carter
nm0147147,Henry Cavill,1983,,henry cavill
nm0000020,Henry Fonda,1905,1982,henry fonda
nm3047457,Henry Thomas,1965,,henry thomas
nm0871287,Henry Travers,1874,1965,henry travers
nm0045968,Hermione Baddeley,1906,1986,hermione baddeley
nm0005476,Hilary Swank,1974,,hilary swank
nm0000456,Holly Hunter,1958,,holly hunter
nm0256216,Hope Emerson,1897,1960,hope emerson
nm0486136,Hope Lange,1933,2003,hope lange
nm9133740,Huck Milner,2007,,huck milner
nm0000424,Hugh Grant,1960,,hugh grant
nm0341518,Hugh Griffith,1912,1980,hugh griffith
nm0413168,Hugh Jackman,1968,,hugh jackman
nm0002025,Hume Cronyn,1911,2003,hume cronyn
nm0000007,Humphrey Bogart,1899,1957,humphrey bogart
nm0000846,Ian Bannen,1928,1999,ian bannen
nm0000453,Ian Holm,1931,2020,ian holm
nm0005212,Ian McKellen,1939,,ian mckellen
nm0001084,Ice Cube,1969,,ice cube
nm0436706,Ida Kaminska,1899,1980,ida kaminska
nm0579953,Idina Menzel,1971,,idina menzel
nm0252961,Idris Elba,1972,,idris elba
nm0001767,Imelda Staunton,1956,,imelda staunton
nm0000006,Ingrid Bergman,1915,1982,ingrid bergman
nm0002050,Irene Dunne,1898,1990,irene dunne
nm0000254,Isabelle Adjani,1955,,isabelle adjani
nm0001376,Isabelle Huppert,1953,,isabelle huppert
nm0279545,Isla Fisher,1976,,isla fisher
nm0619798,J. Carrol Naish,1896,1973,j. carrol naish
nm0016776,Jack Albertson,1907,1981,jack albertson
nm0085312,Jack Black,1969,,jack black
nm0318527,Jack Gilford,1908,1990,jack gilford
nm0472816,Jack Kruschen,1922,2002,jack kruschen
nm0000493,Jack Lemmon,1925,2001,jack lemmon
nm0000197,Jack Nicholson,1937,,jack nicholson
nm0642988,Jack Oakie,1903,1978,jack oakie
nm0001588,Jack Palance,1919,2006,jack palance
nm0912001,Jack Warden,1920,2006,jack warden
nm0928349,Jack Wild,1952,2006,jack wild
nm0915865,Jacki Weaver,1947,,jacki weaver
nm0000329,Jackie Chan,1954,,jackie chan
nm0178114,Jackie Cooper,1922,2011,jackie cooper
nm0355097,Jackie Earle Haley,1961,,jackie earle haley
nm0001276,Jackie Gleason,1916,1987,jackie gleason
nm0000646,Jaclyn Smith,1945,,jaclyn smith
nm0000586,Jada Pinkett Smith,1971,,jada pinkett smith
nm2541974,Jai Courtney,1986,,jai courtney
nm0350453,Jake Gyllenhaal,1980,,jake gyllenhaal
nm0005157,Jake Lloyd,1989,,jake lloyd
nm0001001,James Caan,1940,2022,james caan
nm0000010,James Cagney,1899,1986,james cagney
nm0000336,James Coburn,1928,2002,james coburn
nm0168394,James Coco,1930,1987,james coco
nm0179479,James Corden,1978,,james corden
nm0000342,James Cromwell,1940,,james cromwell
nm0000015,James Dean,1931,1955,james dean
nm0007223,James Dunn,1901,1967,james dunn
nm0000469,James Earl Jones,1931,,james earl jones
nm0290556,James Franco,1978,,james franco
nm0001258,James Garner,1928,2014,james garner
nm0322299,James Gleason,1882,1959,james gleason
nm0000051,James Mason,1909,1984,james mason
nm0564215,James McAvoy,1979,,james mcavoy
nm0000652,James Spader,1960,,james spader
nm0827263,James Stephenson,1889,1941,james stephenson
nm0000071,James Stewart,1908,1997,james stewart
nm0926235,James Whitmore,1921,2009,james whitmore
nm0000249,James Woods,1947,,james woods
nm0004937,Jamie Foxx,1967,,jamie foxx
nm0000130,Jamie Lee Curtis,1958,,jamie lee curtis
nm0012443,Jan Sterling,1921,2004,jan sterling
nm0000737,Jane Alexander,1939,,jane alexander
nm0002034,Jane Darwell,1879,1967,jane darwell
nm0000404,Jane Fonda,1937,,jane fonda
nm0005137,Jane Leeves,1961,,jane leeves
nm0786829,Jane Seymour,1893,1956,jane seymour
nm0943837,Jane Wyman,1917,2007,jane wyman
nm0310980,Janet Gaynor,1906,1984,janet gaynor
nm0001463,Janet Leigh,1927,2004,janet leigh
nm0005216,Janet McTeer,1961,,janet mcteer
nm0840531,Janet Suzman,1939,,janet suzman
nm0001467,Jared Leto,1971,,jared leto
nm0000867,Jason Bateman,1969,,jason bateman
nm0497485,Jason Lee,1968,,jason lee
nm0588553,Jason Miller,1939,2001,jason miller
nm0597388,Jason Momoa,1979,,jason momoa
nm0001673,Jason Robards,1922,2000,jason robards
nm0005458,Jason Statham,1967,,jason statham
nm0837177,Jason Sudeikis,1975,,jason sudeikis
nm0000849,Javier Bardem,1969,,javier bardem
nm0059431,Jay Baruchel,1982,,jay baruchel
nm0379596,Jay Hernandez,1978,,jay hernandez
nm0001109,Jaye Davidson,1968,,jaye davidson
nm6556377,JD McCrary,2007,,jd mccrary
nm0000795,Jean Arthur,1900,1991,jean arthur
nm0241121,Jean Dujardin,1972,,jean dujardin
nm0353405,Jean Hagen,1923,1977,jean hagen
nm0719733,Jean Reno,1908,1985,jean reno
nm0001739,Jean Simmons,1929,2010,jean simmons
nm0002022,Jeanne Crain,1925,2003,jeanne crain
nm0247074,Jeanne Eagels,1890,1929,jeanne eagels
nm0075588,Jeannie Berlin,1949,,jeannie berlin
nm0000313,Jeff Bridges,1949,,jeff bridges
nm0001996,Jeff Chandler,1918,1961,jeff chandler
nm0001099,Jeff Daniels,1955,,jeff daniels
nm0000156,Jeff Goldblum,1952,,jeff goldblum
nm0000098,Jennifer Aniston,1969,,jennifer aniston
nm0000124,Jennifer Connelly,1970,,jennifer connelly
nm0004950,Jennifer Garner,1972,,jennifer garner
nm1617685,Jennifer Hudson,1981,,jennifer hudson
nm0000492,Jennifer Jason Leigh,1962,,jennifer jason leigh
nm0428354,Jennifer Jones,1919,2009,jennifer jones
nm2225369,Jennifer Lawrence,1990,,jennifer lawrence
nm0000182,Jennifer Lopez,1969,,jennifer lopez
nm0000236,Jennifer Tilly,1958,,jennifer tilly
nm2809577,Jenny Slate,1982,,jenny slate
nm0000460,Jeremy Irons,1948,,jeremy irons
nm0719637,Jeremy Renner,1971,,jeremy renner
nm0251986,Jesse Eisenberg,1983,,jesse eisenberg
nm0565366,Jesse McCartney,1987,,jesse mccartney
nm0004695,Jessica Alba,1981,,jessica alba
nm1567113,Jessica Chastain,1977,,jessica chastain
nm0001448,Jessica Lange,1949,,jessica lange
nm1221906,Jessica Szohr,1985,,jessica szohr
nm0001788,Jessica Tandy,1909,1994,jessica tandy
nm0001472,Jet Li,1963,,jet li
nm0001049,Jill Clayburgh,1944,2010,jill clayburgh
nm0000980,Jim Broadbent,1949,,jim broadbent
nm0000120,Jim Carrey,1962,,jim carrey
nm1835544,Jimmy Vee,1959,,jimmy vee
nm0886888,Jo Van Fleet,1915,1996,jo van fleet
nm0000260,Joan Allen,1956,,joan allen
nm0000951,Joan Blondell,1906,1979,joan blondell
nm0001076,Joan Crawford,1904,1977,joan crawford
nm0000349,Joan Cusack,1962,,joan cusack
nm0000021,Joan Fontaine,1917,2013,joan fontaine
nm0352466,Joan Hackett,1934,1983,joan hackett
nm0521156,Joan Lorring,1926,2014,joan lorring
nm0687506,Joan Plowright,1929,,joan plowright
nm0940946,Joanne Woodward,1930,,joanne woodward
nm0001618,Joaquin Phoenix,1974,,joaquin phoenix
nm0481139,Jocelyne LaGarde,1924,1979,jocelyne lagarde
nm0000149,Jodie Foster,1962,,jodie foster
nm0544064,Joe Mantell,1915,2010,joe mantell
nm0000582,Joe Pesci,1943,,joe pesci
nm0249291,Joel Edgerton,1974,,joel edgerton
nm0001297,Joel Grey,1932,,joel grey
nm1172478,Joel Kinnaman,1979,,joel kinnaman
nm3915784,John Boyega,1992,,john boyega
nm0000604,John C. Reilly,1965,,john c. reilly
nm0001006,John Candy,1950,1994,john candy
nm0001023,John Cassavetes,1929,1989,john cassavetes
nm1078479,John Cena,1977,,john cena
nm0158626,John Cho,1972,,john cho
nm0000131,John Cusack,1966,,john cusack
nm0197982,John Dall,1920,1971,john dall
nm0002092,John Garfield,1913,1952,john garfield
nm0000024,John Gielgud,1904,2000,john gielgud
nm0000422,John Goodman,1952,,john goodman
nm0370036,John Hawkes,1925,1998,john hawkes
nm0002144,John Houseman,1902,1988,john houseman
nm0000457,John Hurt,1940,2017,john hurt
nm0001379,John Huston,1906,1987,john huston
nm0409871,John Ireland,1879,1962,john ireland
nm0434712,John Kani,1942,,john kani
nm0000491,John Leguizamo,1964,,john leguizamo
nm0001475,John Lithgow,1945,,john lithgow
nm0000518,John Malkovich,1953,,john malkovich
nm0549134,John Marley,1907,1984,john marley
nm0590062,John Mills,1889,1967,john mills
nm1056659,John Oliver,1977,,john oliver
nm0805476,John Slattery,1962,,john slattery
nm0000237,John Travolta,1954,,john travolta
nm0000078,John Wayne,1907,1979,john wayne
nm0000136,Johnny Depp,1963,,johnny depp
nm0269463,Jon Favreau,1966,,jon favreau
nm0358316,Jon Hamm,1971,,jon hamm
nm0000685,Jon Voight,1938,,jon voight
nm1706767,Jonah Hill,1983,,jonah hill
nm0000596,Jonathan Pryce,1947,,jonathan pryce
nm0001795,Jonathan Taylor Thomas,1981,,jonathan taylor thomas
nm6934058,Joonas Suotamo,1986,,joonas suotamo
nm1443502,Jordan Peele,1979,,jordan peele
nm0108287,Jordana Brewster,1980,,jordana brewster
nm0306201,Jorge Garcia,1973,,jorge garcia
nm0001207,José Ferrer,1912,1992,jose ferrer
nm0330687,Joseph Gordon-Levitt,1981,,joseph gordon levitt
nm0771584,Joseph Schildkraut,1896,1964,joseph schildkraut
nm0401449,Josephine Hull,1877,1957,josephine hull
nm0000982,Josh Brolin,1968,,josh brolin
nm1265802,Josh Gad,1981,,josh gad
nm0001326,Josh Hartnett,1978,,josh hartnett
nm1242688,Josh Hutcherson,1992,,josh hutcherson
nm0715010,Joyce Redman,1915,2012,joyce redman
nm0601428,Juanita Moore,1914,2014,juanita moore
nm0002139,Judd Hirsch,1935,,judd hirsch
nm0000179,Jude Law,1972,,jude law
nm0001132,Judi Dench,1934,,judi dench
nm0000752,Judith Anderson,1897,1992,judith anderson
nm0001114,Judy Davis,1955,,judy davis
nm0000023,Judy Garland,1922,1969,judy garland
nm0391062,Judy Holliday,1921,1965,judy holliday
nm0000506,Julia Louis-Dreyfus,1961,,julia louis dreyfus
nm0000210,Julia Roberts,1967,,julia roberts
nm0000194,Julianne Moore,1960,,julianne moore
nm0000267,Julie Andrews,1935,,julie andrews
nm0001046,Julie Christie,1940,,julie christie
nm0364916,Julie Harris,1921,2015,julie harris
nm0910278,Julie Walters,1950,,julie walters
nm0000300,Juliette Binoche,1964,,juliette binoche
nm0000496,Juliette Lewis,1973,,juliette lewis
nm0820053,June Squibb,1929,,june squibb
nm0377888,Justin Henry,1971,,justin henry
nm0519044,Justin Long,1970,,justin long
nm0192505,Kaley Cuoco,1985,,kaley cuoco
nm0352032,Kamal Haasan,1954,,kamal haasan
nm0424103,Karan Johar,1972,,karan johar
nm0000261,Karen Allen,1951,,karen allen
nm0000947,Karen Black,1939,2013,karen black
nm2394794,Karen Gillan,1987,,karen gillan
nm0001500,Karl Malden,1912,2009,karl malden
nm0881631,Karl Urban,1972,,karl urban
nm0000295,Kate Beckinsale,1973,,kate beckinsale
nm0005028,Kate Hudson,1979,,kate hudson
nm0625075,Kate Nelligan,1950,,kate nelligan
nm0000701,Kate Winslet,1975,,kate winslet
nm0000031,Katharine Hepburn,1907,2003,katharine hepburn
nm0001684,Katharine Ross,1940,,katharine ross
nm0001337,Katherine Heigl,1978,,katherine heigl
nm2239702,Katherine Waterston,1980,,katherine waterston
nm0000599,Kathleen Quinlan,1954,,kathleen quinlan
nm0000678,Kathleen Turner,1954,,kathleen turner
nm0000870,Kathy Bates,1948,,kathy bates
nm0668093,Katina Paxinou,1900,1973,katina paxinou
nm0432827,Katy Jurado,1924,2002,katy jurado
nm0575552,Kay Medford,1919,1980,kay medford
nm0000206,Keanu Reeves,1964,,keanu reeves
nm1221047,Keegan-Michael Key,1971,,keegan michael key
nm0461136,Keira Knightley,1985,,keira knightley
nm1095720,Keisha Castle-Hughes,1990,,keisha castle hughes
nm4511652,Kelly Marie Tran,1989,,kelly marie tran
nm0727961,Kelly Ripa,1970,,kelly ripa
nm0001288,Kelsey Grammer,1955,,kelsey grammer
nm0913822,Ken Watanabe,1959,,ken watanabe
nm0000110,Kenneth Branagh,1960,,kenneth branagh
nm0005392,Keri Russell,1976,,keri russell
nm0000102,Kevin Bacon,1958,,kevin bacon
nm0000126,Kevin Costner,1955,,kevin costner
nm0366389,Kevin Hart,1979,,kevin hart
nm0416671,Kevin James,1954,1990,kevin james
nm0000177,Kevin Kline,1947,,kevin kline
nm0002994,Kevin McCarthy,1914,2010,kevin mccarthy
nm0000228,Kevin Spacey,1959,,kevin spacey
nm0000662,Kiefer Sutherland,1966,,kiefer sutherland
nm1009390,Kiera Chaplin,1982,,kiera chaplin
nm0000107,Kim Basinger,1953,,kim basinger
nm0000326,Kim Cattrall,1956,,kim cattrall
nm0001375,Kim Hunter,1922,2002,kim hunter
nm0822535,Kim Stanley,1925,2001,kim stanley
nm0000018,Kirk Douglas,1916,2020,kirk douglas
nm0000379,Kirsten Dunst,1982,,kirsten dunst
nm0001970,Klaus Maria Brandauer,1943,,klaus maria brandauer
nm0068338,Kristen Bell,1980,,kristen bell
nm0829576,Kristen Stewart,1990,,kristen stewart
nm1325419,Kristen Wiig,1973,,kristen wiig
nm0004862,Kristin Davis,1965,,kristin davis
nm0000218,Kristin Scott Thomas,1960,,kristin scott thomas
nm1269983,Krysten Ritter,1981,,krysten ritter
nm0000621,Kurt Russell,1951,,kurt russell
nm3078932,Lady Gaga,1986,,lady gaga
nm1128572,Lake Bell,1979,,lake bell
nm3147751,LaKeith Stanfield,1991,,lakeith stanfield
nm0001805,Lana Turner,1921,1995,lana turner
nm0662972,Larry Parks,1914,1975,larry parks
nm2736476,Lashana Lynch,1987,,lashana lynch
nm0000368,Laura Dern,1967,,laura dern
nm0001473,Laura Linney,1964,,laura linney
nm0000002,Lauren Bacall,1924,2014,lauren bacall
nm0000401,Laurence Fishburne,1961,,laurence fishburne
nm0002131,Laurence Harvey,1928,1973,laurence harvey
nm0000059,Laurence Olivier,1907,1989,laurence olivier
nm0582418,Laurie Metcalf,1955,,laurie metcalf
nm0862546,Lawrence Tibbett,1896,1960,lawrence tibbett
nm2244205,Léa Seydoux,1985,,lea seydoux
nm0335519,Lee Grant,1925,,lee grant
nm0002011,Lee J. Cobb,1911,1976,lee j. cobb
nm0001511,Lee Marvin,1924,1987,lee marvin
nm1195855,Lee Pace,1979,,lee pace
nm0001665,Lee Remick,1935,1991,lee remick
nm0833448,Lee Strasberg,1901,1982,lee strasberg
nm0870543,Lee Tracy,1898,1968,lee tracy
nm0000565,Lena Olin,1955,,lena olin
nm0312890,Leo Genn,1905,1978,leo genn
nm0294600,Leonard Frey,1938,1988,leonard frey
nm0000138,Leonardo DiCaprio,1974,,leonardo dicaprio
nm0000690,Lesley Ann Warren,1946,,lesley ann warren
nm0544334,Lesley Manville,1956,,lesley manville
nm0115038,Leslie Browne,1957,,leslie browne
nm0001989,Leslie Caron,1931,,leslie caron
nm0001366,Leslie Howard,1893,1943,leslie howard
nm0005182,Leslie Mann,1972,,leslie mann
nm1502434,Leslie Odom Jr.,1981,,leslie odom jr.
nm4004793,Letitia Wright,1993,,letitia wright
nm0000817,Lew Ayres,1908,1996,lew ayres
nm0085400,Lewis Black,1948,,lewis black
nm0832011,Lewis Stone,1879,1953,lewis stone
nm0000553,Liam Neeson,1952,,liam neeson
nm0444321,Lila Kedrova,1918,2000,lila kedrova
nm0803785,Lilia Skala,1896,1994,lilia skala
nm0001273,Lillian Gish,1893,1993,lillian gish
nm4141252,Lily James,1989,,lily james
nm0005499,Lily Tomlin,1939,,lily tomlin
nm0000304,Linda Blair,1959,,linda blair
nm0004802,Linda Cardellini,1975,,linda cardellini
nm0000157,Linda Hamilton,1956,,linda hamilton
nm0001373,Linda Hunt,1945,,linda hunt
nm0001080,Lindsay Crouse,1948,,lindsay crouse
nm0000859,Lionel Barrymore,1878,1954,lionel barrymore
nm0001435,Lisa Kudrow,1963,,lisa kudrow
nm0880521,Liv Ullmann,1938,,liv ullmann
nm0591485,Liza Minnelli,1946,,liza minnelli
nm0949835,Loretta Young,1913,2000,loretta young
nm0000966,Lorraine Bracco,1954,,lorraine bracco
nm0502322,Lotte Lenya,1898,1981,lotte lenya
nm0129894,Louis Calhern,1895,1956,louis calhern
nm0001283,Louis Gossett Jr.,1936,,louis gossett jr.
nm0237571,Louise Dresser,1878,1965,louise dresser
nm0001221,Louise Fletcher,1934,,louise fletcher
nm2348627,Lucas Hedges,1996,,lucas hedges
nm0914778,Lucile Watson,1879,1962,lucile watson
nm0707023,Luise Rainer,1910,2014,luise rainer
nm1812656,Luke Evans,1979,,luke evans
nm2143282,Lupita Nyong'o,1983,,lupita nyong'o
nm0137524,Lynn Carlin,1938,,lynn carlin
nm0285007,Lynn Fontanne,1887,1983,lynn fontanne
nm0001655,Lynn Redgrave,1943,2010,lynn redgrave
nm0000346,Macaulay Culkin,1980,,macaulay culkin
nm0001404,Madeline Kahn,1942,1999,madeline kahn
nm0586568,Mads Mikkelsen,1965,,mads mikkelsen
nm0350454,Maggie Gyllenhaal,1977,,maggie gyllenhaal
nm0573704,Maggie McNamara,1928,1978,maggie mcnamara
nm0001749,Maggie Smith,1934,,maggie smith
nm0991810,Mahershala Ali,1974,,mahershala ali
nm0538683,Mako,1933,2006,mako
nm0000052,Marcello Mastroianni,1924,1996,marcello mastroianni
nm0001315,Marcia Gay Harden,1959,,marcia gay harden
nm0001858,Mare Winningham,1959,,mare winningham
nm0001923,Margaret Avery,1944,,margaret avery
nm0500364,Margaret Leighton,1922,1976,margaret leighton
nm0751983,Margaret Rutherford,1892,1972,margaret rutherford
nm0837925,Margaret Sullavan,1909,1960,margaret sullavan
nm0943618,Margaret Wycherly,1881,1956,margaret wycherly
nm3053338,Margot Robbie,1990,,margot robbie
nm7210025,Maria Bakalova,1996,,maria bakalova
nm0653642,Maria Ouspenskaya,1876,1949,maria ouspenskaya
nm0001399,Marianne Jean-Baptiste,1967,,marianne jean baptiste
nm0056763,Marie-Christine Barrault,1944,,marie christine barrault
nm0237597,Marie Dressler,1868,1934,marie dressler
nm0000446,Mariel Hemingway,1961,,mariel hemingway
nm0211920,Marina de Tavira,1974,,marina de tavira
nm0182839,Marion Cotillard,1975,,marion cotillard
nm0667542,Marisa Pavan,1932,,marisa pavan
nm0000673,Marisa Tomei,1964,,marisa tomei
nm0002127,Mariska Hargitay,1964,,mariska hargitay
nm0537685,Marjorie Main,1890,1975,marjorie main
nm0708081,Marjorie Rambeau,1889,1970,marjorie rambeau
nm0000434,Mark Hamill,1951,,mark hamill
nm0001319,Mark Harmon,1951,,mark harmon
nm0749263,Mark Ruffalo,1967,,mark ruffalo
nm0753314,Mark Rylance,1960,,mark rylance
nm0000242,Mark Wahlberg,1971,,mark wahlberg
nm0559144,Marlee Matlin,1965,,marlee matlin
nm0000017,Marlene Dietrich,1901,1992,marlene dietrich
nm0005486,Marlo Thomas,1937,,marlo thomas
nm0000008,Marlon Brando,1924,2004,marlon brando
nm0005541,Marlon Wayans,1972,,marlon wayans
nm0556850,Marsha Mason,1942,,marsha mason
nm0405054,Martha Hyer,1924,2014,martha hyer
nm0779549,Martha Scott,1912,2003,martha scott
nm0000842,Martin Balsam,1919,1996,martin balsam
nm0293509,Martin Freeman,1971,,martin freeman
nm0001445,Martin Landau,1928,2017,martin landau
nm0001454,Martin Lawrence,1965,,martin lawrence
nm0000802,Mary Astor,1906,1987,mary astor
nm0000825,Mary Badham,1952,,mary badham
nm0004763,Mary J. Blige,1971,,mary j. blige
nm0001521,Mary McDonnell,1952,,mary mcdonnell
nm0681933,Mary Pickford,1892,1979,mary pickford
nm0005460,Mary Steenburgen,1953,,mary steenburgen
nm0001546,Mary Tyler Moore,1936,2017,mary tyler moore
nm0881829,Mary Ure,1933,1975,mary ure
nm0873385,Massimo Troisi,1953,1994,massimo troisi
nm0000354,Matt Damon,1970,,matt damon
nm0000369,Matt Dillon,1964,,matt dillon
nm0000111,Matthew Broderick,1962,,matthew broderick
nm1131557,Matthew Gray Gubler,1980,,matthew gray gubler
nm0000190,Matthew McConaughey,1969,,matthew mcconaughey
nm0001612,Matthew Perry,1969,,matthew perry
nm0822972,Maureen Stapleton,1925,2006,maureen stapleton
nm0002001,Maurice Chevalier,1888,1972,maurice chevalier
nm0001884,Max von Sydow,1929,2020,max von sydow
nm0001703,Maximilian Schell,1930,2014,maximilian schell
nm0733480,May Robson,1858,1942,may robson
nm0926599,May Whitty,1865,1948,may whitty
nm0748973,Maya Rudolph,1972,,maya rudolph
nm0000212,Meg Ryan,1961,,meg ryan
nm0000672,Meg Tilly,1960,,meg tilly
nm1504121,Megan Fox,1980,,megan fox
nm0000154,Mel Gibson,1956,,mel gibson
nm0000429,Melanie Griffith,1957,,melanie griffith
nm0580479,Melina Mercouri,1920,1994,melina mercouri
nm0227039,Melinda Dillon,1939,,melinda dillon
nm0502425,Melissa Leo,1960,,melissa leo
nm0565250,Melissa McCarthy,1970,,melissa mccarthy
nm0002048,Melvyn Douglas,1901,1981,melvyn douglas
nm0564790,Mercedes McCambridge,1916,2004,mercedes mccambridge
nm0001689,Mercedes Ruehl,1948,,mercedes ruehl
nm0643353,Merle Oberon,1911,1979,merle oberon
nm0341311,Merv Griffin,1925,2007,merv griffin
nm0000658,Meryl Streep,1949,,meryl streep
nm0430107,Michael B. Jordan,1987,,michael b. jordan
nm0000323,Michael Caine,1933,,michael caine
nm0155011,Michael Chekhov,1891,1955,michael chekhov
nm0003817,Michael Clarke Duncan,1957,2012,michael clarke duncan
nm0000140,Michael Douglas,1944,,michael douglas
nm0242692,Michael Dunn,1934,1973,michael dunn
nm1013003,Michael Ealy,1973,,michael ealy
nm1055413,Michael Fassbender,1977,,michael fassbender
nm0000150,Michael J. Fox,1961,,michael j. fox
nm0689488,Michael J. Pollard,1939,2019,michael j. pollard
nm0000474,Michael Keaton,1951,,michael keaton
nm0503627,Michael Lerner,1941,,michael lerner
nm0001574,Michael O'Keefe,1955,,michael o'keefe
nm0671567,Michael Peña,1976,,michael pena
nm0714878,Michael Redgrave,1908,1985,michael redgrave
nm0788218,Michael Shanks,1970,,michael shanks
nm1365985,Michael Shannon,1933,2010,michael shannon
nm0311155,Michael V. Gazzo,1923,1995,michael v. gazzo
nm1157358,Michelle Monaghan,1976,,michelle monaghan
nm0000201,Michelle Pfeiffer,1958,,michelle pfeiffer
nm0735442,Michelle Rodriguez,1978,,michelle rodriguez
nm0931332,Michelle Williams,1979,,michelle williams
nm0000706,Michelle Yeoh,1962,,michelle yeoh
nm0001682,Mickey Rooney,1920,2014,mickey rooney
nm0000620,Mickey Rourke,1952,,mickey rourke
nm0000196,Mike Myers,1963,,mike myers
nm0000864,Mikhail Baryshnikov,1948,,mikhail baryshnikov
nm0005109,Mila Kunis,1983,,mila kunis
nm0242972,Mildred Dunnock,1901,1991,mildred dunnock
nm0622450,Mildred Natwick,1905,1994,mildred natwick
nm1415323,Miley Cyrus,1992,,miley cyrus
nm0466295,Miliza Korjus,1909,1980,miliza korjus
nm0000170,Milla Jovovich,1975,,milla jovovich
nm1411676,Mindy Kaling,1979,,mindy kaling
nm0000378,Minnie Driver,1970,,minnie driver
nm0000227,Mira Sorvino,1967,,mira sorvino
nm0001669,Miranda Richardson,1958,,miranda richardson
nm0394244,Miriam Hopkins,1902,1972,miriam hopkins
nm0041681,Mischa Auer,1905,1967,mischa auer
nm0880855,Miyoshi Umeki,1929,2007,miyoshi umeki
nm0669693,Mizuo Peck,1977,,mizuo peck
nm0594898,Mo'Nique,1967,,mo'nique
nm0000899,Monica Bellucci,1964,,monica bellucci
nm0001050,Montgomery Clift,1920,1966,montgomery clift
nm0941253,Monty Woolley,1888,1963,monty woolley
nm0000151,Morgan Freeman,1937,,morgan freeman
nm0007216,Nancy Carroll,1903,1965,nancy carroll
nm0446715,Nancy Kelly,1921,1995,nancy kelly
nm0647970,Nancy Olson,1928,,nancy olson
nm4305463,Naomi Scott,1993,,naomi scott
nm0915208,Naomi Watts,1968,,naomi watts
nm0365140,Naomie Harris,1976,,naomie harris
nm0000204,Natalie Portman,1981,,natalie portman
nm0000081,Natalie Wood,1938,1981,natalie wood
nm0001447,Nathan Lane,1956,,nathan lane
nm0000885,Ned Beatty,1937,2021,ned beatty
nm0011244,Nick Adams,1931,1968,nick adams
nm2679917,Nick Jonas,1992,,nick jonas
nm0000560,Nick Nolte,1941,,nick nolte
nm0000115,Nicolas Cage,1964,,nicolas cage
nm0000173,Nicole Kidman,1967,,nicole kidman
nm0001329,Nigel Hawthorne,1929,2001,nigel hawthorne
nm0001225,Nina Foch,1924,2008,nina foch
nm0001903,Norma Aleandro,1936,,norma aleandro
nm0790454,Norma Shearer,1902,1983,norma shearer
nm0818055,Octavia Spencer,1970,,octavia spencer
nm1469236,Olivia Colman,1974,,olivia colman
nm0000014,Olivia de Havilland,1916,2020,olivia de havilland
nm0001156,Olympia Dukakis,1931,2021,olympia dukakis
nm0001725,Omar Sharif,1932,2015,omar sharif
nm0001856,Oprah Winfrey,1954,,oprah winfrey
nm0089217,Orlando Bloom,1977,,orlando bloom
nm0000080,Orson Welles,1915,1985,orson welles
nm1209966,Oscar Isaac,1979,,oscar isaac
nm0393028,Oskar Homolka,1898,1978,oskar homolka
nm0921459,Oskar Werner,1922,1984,oskar werner
nm0005562,Owen Wilson,1968,,owen wilson
nm0001552,Pat Morita,1932,2005,pat morita
nm0000099,Patricia Arquette,1968,,patricia arquette
nm0165101,Patricia Clarkson,1959,,patricia clarkson
nm0172048,Patricia Collinge,1892,1974,patricia collinge
nm0005004,Patricia Heaton,1958,,patricia heaton
nm0623658,Patricia Neal,1926,2010,patricia neal
nm0302466,Patrick Gallagher,1968,,patrick gallagher
nm0001772,Patrick Stewart,1940,,patrick stewart
nm0000664,Patrick Swayze,1952,2009,patrick swayze
nm2004100,Patrick Wilson,1969,,patrick wilson
nm0001157,Patty Duke,1946,2016,patty duke
nm0566478,Patty McCormack,1945,,patty mccormack
nm0079273,Paul Bettany,1971,,paul bettany
nm0316079,Paul Giamatti,1967,,paul giamatti
nm0510134,Paul Lukas,1895,1971,paul lukas
nm0612847,Paul Muni,1895,1967,paul muni
nm0000056,Paul Newman,1925,2008,paul newman
nm0705152,Paul Raci,1948,,paul raci
nm0748621,Paul Rudd,1940,2010,paul rudd
nm0006890,Paul Scofield,1922,2008,paul scofield
nm1960231,Paul Walker,1893,,paul walker
nm0934902,Paul Winfield,1939,2004,paul winfield
nm0002104,Paulette Goddard,1910,1990,paulette goddard
nm0172604,Pauline Collins,1940,,pauline collins
nm0001919,Peggy Ashcroft,1907,1991,peggy ashcroft
nm0143918,Peggy Cass,1924,1999,peggy cass
nm0498007,Peggy Lee,1920,2002,peggy lee
nm0939931,Peggy Wood,1892,1978,peggy wood
nm0004851,Penélope Cruz,1974,,penelope cruz
nm0587340,Penelope Milford,1948,,penelope milford
nm0001508,Penny Marshall,1943,2018,penny marshall
nm0000592,Pete Postlethwaite,1946,2011,pete postlethwaite
nm0000393,Peter Falk,1927,2011,peter falk
nm0002075,Peter Finch,1916,1977,peter finch
nm0278752,Peter Firth,1953,,peter firth
nm0001228,Peter Fonda,1940,2019,peter fonda
nm0000564,Peter O'Toole,1932,2013,peter o'toole
nm0000634,Peter Sellers,1925,1980,peter sellers
nm0001780,Peter Stormare,1953,,peter stormare
nm0001811,Peter Ustinov,1921,2004,peter ustinov
nm0000450,Philip Seymour Hoffman,1967,2014,philip seymour hoffman
nm0711118,Phylicia Rashad,1948,,phylicia rashad
nm0000112,Pierce Brosnan,1953,,pierce brosnan
nm0001453,Piper Laurie,1932,,piper laurie
nm2962353,Pom Klementieff,1986,,pom klementieff
nm0001451,Queen Latifah,1970,,queen latifah
nm0191944,Quinn Cummings,1967,,quinn cummings
nm4832920,Quvenzhané Wallis,2003,,quvenzhane wallis
nm0341737,Rachel Griffiths,1968,,rachel griffiths
nm1046097,Rachel McAdams,1978,,rachel mcadams
nm0731499,Rachel Roberts,1927,1980,rachel roberts
nm0001838,Rachel Weisz,1970,,rachel weisz
nm0000897,Ralph Bellamy,1904,1991,ralph bellamy
nm0000146,Ralph Fiennes,1962,,ralph fiennes
nm0724732,Ralph Richardson,1902,1983,ralph richardson
nm1785339,Rami Malek,1981,,rami malek
nm0001642,Randy Quaid,1950,,randy quaid
nm0712368,Raven-Symoné,1985,,raven symone
nm0001537,Ray Milland,1907,1986,ray milland
nm0005380,Ray Romano,1957,,ray romano
nm0935653,Ray Winstone,1957,,ray winstone
nm0557339,Raymond Massey,1896,1983,raymond massey
nm0272581,Rebecca Ferguson,1983,,rebecca ferguson
nm2313103,Rebel Wilson,1980,,rebel wilson
nm0000999,Red Buttons,1919,2006,red buttons
nm0000702,Reese Witherspoon,1976,,reese witherspoon
nm0356021,Regina Hall,1970,,regina hall
nm0005093,Regina King,1971,,regina king
nm0000623,Rene Russo,1954,,rene russo
nm0000250,Renée Zellweger,1969,,renee zellweger
nm0001322,Rex Harrison,1908,1990,rex harrison
nm0001932,Richard Barthelmess,1895,1963,richard barthelmess
nm5132603,Richard Burton,1821,1890,richard burton
nm0228715,Richard Dix,1893,1949,richard dix
nm0000377,Richard Dreyfuss,1947,,richard dreyfuss
nm0001290,Richard E. Grant,1957,,richard e. grant
nm0002070,Richard Farnsworth,1920,2000,richard farnsworth
nm0000152,Richard Gere,1949,,richard gere
nm0001321,Richard Harris,1930,2002,richard harris
nm0001395,Richard Jaeckel,1926,1997,richard jaeckel
nm0420955,Richard Jenkins,1947,,richard jenkins
nm0144710,Richard S. Castellano,1933,1988,richard s. castellano
nm0865262,Richard Todd,1919,2009,richard todd
nm0001847,Richard Widmark,1914,2008,richard widmark
nm0001548,Rick Moranis,1953,,rick moranis
nm0452860,Rinko Kikuchi,1981,,rinko kikuchi
nm0001800,Rip Torn,1931,2019,rip torn
nm0001549,Rita Moreno,1931,,rita moreno
nm0000203,River Phoenix,1970,1993,river phoenix
nm1981893,Riz Ahmed,1982,,riz ahmed
nm0001059,Robbie Coltrane,1950,,robbie coltrane
nm0000134,Robert De Niro,1943,,robert de niro
nm0232196,Robert Donat,1905,1958,robert donat
nm0000375,Robert Downey Jr.,1965,,robert downey jr.
nm0000380,Robert Duvall,1931,,robert duvall
nm0001233,Robert Forster,1941,2019,robert forster
nm0347039,Robert Guillaume,1927,2017,robert guillaume
nm0005162,Robert Loggia,1930,2015,robert loggia
nm0000053,Robert Mitchum,1917,1997,robert mitchum
nm0599910,Robert Montgomery,1904,1981,robert montgomery
nm0605923,Robert Morley,1908,1992,robert morley
nm1500155,Robert Pattinson,1986,,robert pattinson
nm0696481,Robert Preston,1918,1987,robert preston
nm0000602,Robert Redford,1936,,robert redford
nm0752814,Robert Ryan,1896,1958,robert ryan
nm0332058,Robert Shaw,1915,2005,robert shaw
nm0821041,Robert Stack,1919,2003,robert stack
nm0833865,Robert Strauss,1913,1975,robert strauss
nm0891238,Robert Vaughn,1877,,robert vaughn
nm0000905,Roberto Benigni,1952,,roberto benigni
nm0000245,Robin Williams,1951,2014,robin williams
nm0000705,Robin Wright,1966,,robin wright
nm0001369,Rock Hudson,1925,1985,rock hudson
nm0001768,Rod Steiger,1925,2002,rod steiger
nm0950019,Roland Young,1887,1953,roland young
nm0600531,Ron Moody,1924,2015,ron moody
nm0172903,Ronald Colman,1891,1958,ronald colman
nm0086867,Ronee Blakley,1945,,ronee blakley
nm1913734,Rooney Mara,1985,,rooney mara
nm0751426,Rosalind Russell,1907,1976,rosalind russell
nm0683253,Rosamund Pike,1979,,rosamund pike
nm0126284,Rose Byrne,1979,,rose byrne
nm0001683,Roseanne Barr,1952,,roseanne barr
nm2185412,Rosemary Harris,1923,2019,rosemary harris
nm0005280,Rosie O'Donnell,1962,,rosie o'donnell
nm0001609,Rosie Perez,1964,,rosie perez
nm0000100,Rowan Atkinson,1955,,rowan atkinson
nm0001702,Roy Scheider,1932,2008,roy scheider
nm0002039,Ruby Dee,1922,2014,ruby dee
nm0189313,Rupert Crosse,1927,1973,rupert crosse
nm0342488,Rupert Grint,1988,,rupert grint
nm0848560,Russ Tamblyn,1934,,russ tamblyn
nm0000128,Russell Crowe,1964,,russell crowe
nm0154183,Ruth Chatterton,1892,1961,ruth chatterton
nm0002106,Ruth Gordon,1896,1985,ruth gordon
nm0404046,Ruth Hussey,1911,2005,ruth hussey
nm1550948,Ruth Negga,1982,,ruth negga
nm0331516,Ryan Gosling,1980,,ryan gosling
nm0641939,Ryan O'Neal,1941,,ryan o'neal
nm0005351,Ryan Reynolds,1976,,ryan reynolds
nm0056187,Sacha Baron Cohen,1971,,sacha baron cohen
nm0451307,Saif Ali Khan,1970,,saif ali khan
nm0000543,Sal Mineo,1939,1976,sal mineo
nm0000398,Sally Field,1946,,sally field
nm1020089,Sally Hawkins,1976,,sally hawkins
nm0001419,Sally Kellerman,1937,2022,sally kellerman
nm0000476,Sally Kirkland,1941,,sally kirkland
nm0000161,Salma Hayek,1966,,salma hayek
nm0006795,Salman Khan,1965,,salman khan
nm0000385,Sam Elliott,1944,,sam elliott
nm0415488,Sam Jaffe,1891,1984,sam jaffe
nm0005377,Sam Rockwell,1968,,sam rockwell
nm0001731,Sam Shepard,1943,2017,sam shepard
nm0001832,Sam Waterston,1940,,sam waterston
nm0941777,Sam Worthington,1976,,sam worthington
nm0002058,Samantha Eggar,1939,,samantha eggar
nm0608090,Samantha Morton,1977,,samantha morton
nm0000168,Samuel L. Jackson,1948,,samuel l. jackson
nm0000113,Sandra Bullock,1964,,sandra bullock
nm0006800,Sandy Dennis,1937,1992,sandy dennis
nm1519680,Saoirse Ronan,1994,,saoirse ronan
nm0021329,Sara Allgood,1880,1950,sara allgood
nm0000572,Sarah Jessica Parker,1965,,sarah jessica parker
nm0001264,Sarah Michelle Gellar,1977,,sarah michelle gellar
nm0587234,Sarah Miles,1941,,sarah miles
nm0798971,Sarah Silverman,1970,,sarah silverman
nm1102970,Sarah Vowell,1969,,sarah vowell
nm0018734,Sasha Alexander,1973,,sasha alexander
nm0424060,Scarlett Johansson,1984,,scarlett johansson
nm0005454,Scott Speedman,1975,,scott speedman
nm0000125,Sean Connery,1930,2020,sean connery
nm0000576,Sean Penn,1960,,sean penn
nm0005405,Seann William Scott,1976,,seann william scott
nm1659221,Sebastian Stan,1982,,sebastian stan
nm1411125,Selena Gomez,1992,,selena gomez
nm0370564,Sessue Hayakawa,1886,1973,sessue hayakawa
nm0532235,Seth MacFarlane,1973,,seth macfarlane
nm0736622,Seth Rogen,1982,,seth rogen
nm0001025,Seymour Cassel,1935,2019,seymour cassel
nm8630978,Shahadi Wright Joseph,2005,,shahadi wright joseph
nm10645092,Shahrukh Khan,,,shahrukh khan
nm0940362,Shailene Woodley,1991,,shailene woodley
nm0002436,Shannon Elizabeth,1973,,shannon elizabeth
nm3270383,Sharon Stone,1953,,sharon stone
nm0004434,Shashi Kapoor,1938,2017,shashi kapoor
nm0001859,Shelley Winters,1920,2006,shelley winters
nm0479471,Shia LaBeouf,1986,,shia labeouf
nm0095804,Shirley Booth,1898,1992,shirley booth
nm0429250,Shirley Jones,1934,,shirley jones
nm0004309,Shirley Knight,1936,2020,shirley knight
nm0000511,Shirley MacLaine,1934,,shirley maclaine
nm0013037,Shohreh Aghdashloo,1952,,shohreh aghdashloo
nm0001627,Sidney Poitier,1927,2022,sidney poitier
nm1092227,Sienna Miller,1981,,sienna miller
nm0000244,Sigourney Weaver,1949,,sigourney weaver
nm0670408,Simon Pegg,1970,,simon pegg
nm0797531,Simone Signoret,1921,1985,simone signoret
nm0000651,Sissy Spacek,1949,,sissy spacek
nm1342727,Skandar Keynes,1991,,skandar keynes
nm0005527,Sofía Vergara,1972,,sofia vergara
nm0516800,Sondra Locke,1944,2018,sondra locke
nm0000047,Sophia Loren,1934,,sophia loren
nm0645683,Sophie Okonedo,1968,,sophie okonedo
nm0000075,Spencer Tracy,1900,1967,spencer tracy
nm0001981,Spring Byington,1886,1971,spring byington
nm0391361,Stanley Holloway,1890,1982,stanley holloway
nm0001804,Stanley Tucci,1960,,stanley tucci
nm0001745,Stellan Skarsgård,1951,,stellan skarsgard
nm0001653,Stephen Rea,1946,,stephen rea
nm0000114,Steve Buscemi,1957,,steve buscemi
nm0136797,Steve Carell,1962,,steve carell
nm0000430,Steve Guttenberg,1958,,steve guttenberg
nm0553088,Steve Martin,1915,1991,steve martin
nm0000537,Steve McQueen,1930,1980,steve mcqueen
nm0000219,Steven Seagal,1952,,steven seagal
nm3081796,Steven Yeun,1983,,steven yeun
nm0000330,Stockard Channing,1944,,stockard channing
nm0260020,Stuart Erwin,1903,1967,stuart erwin
nm0926183,Stuart Whitman,1928,2020,stuart whitman
nm0001333,Susan Hayward,1917,1975,susan hayward
nm0463435,Susan Kohner,1936,,susan kohner
nm0005166,Susan Lucci,1946,,susan lucci
nm0676688,Susan Peters,1921,1952,susan peters
nm0000215,Susan Sarandon,1946,,susan sarandon
nm0879073,Susan Tyrrell,1945,2012,susan tyrrell
nm0948772,Susannah York,1939,2011,susannah york
nm0002113,Sydney Greenstreet,1879,1954,sydney greenstreet
nm0000230,Sylvester Stallone,1946,,sylvester stallone
nm0587249,Sylvia Miles,1924,2019,sylvia miles
nm0796662,Sylvia Sidney,1910,1999,sylvia sidney
nm2554352,T.J. Miller,1981,,t.j. miller
nm0001735,Talia Shire,1946,,talia shire
nm0378245,Taraji P. Henson,1970,,taraji p. henson
nm5473782,Taron Egerton,1989,,taron egerton
nm0001575,Tatum O'Neal,1963,,tatum o'neal
nm1210124,Taylor Lautner,1992,,taylor lautner
nm0000495,Téa Leoni,1966,,tea leoni
nm0001699,Telly Savalas,1922,1994,telly savalas
nm0000654,Terence Stamp,1938,,terence stamp
nm0942863,Teresa Wright,1918,2005,teresa wright
nm0000414,Teri Garr,1947,,teri garr
nm0000159,Teri Hatcher,1964,,teri hatcher
nm0001632,Teri Polo,1969,,teri polo
nm0005024,Terrence Howard,1969,,terrence howard
nm0601930,Terry Moore,1929,,terry moore
nm1024953,Terry Notary,1968,,terry notary
nm0002128,Tess Harper,1950,,tess harper
nm1935086,Tessa Thompson,1983,,tessa thompson
nm0728812,Thelma Ritter,1902,1969,thelma ritter
nm0000942,Theodore Bikel,1924,2015,theodore bikel
nm0327089,Thomas Gomez,1905,1971,thomas gomez
nm0002006,Thomas Haden Church,1960,,thomas haden church
nm0593775,Thomas Mitchell,1892,1962,thomas mitchell
nm1840504,Tiffany Haddish,1979,,tiffany haddish
nm0842770,Tilda Swinton,1960,,tilda swinton
nm0000741,Tim Allen,1953,,tim allen
nm0000209,Tim Robbins,1958,,tim robbins
nm0000619,Tim Roth,1961,,tim roth
nm3154303,Timothée Chalamet,1995,,timothee chalamet
nm0000459,Timothy Hutton,1960,,timothy hutton
nm0275486,Tina Fey,1970,,tina fey
nm0001497,Tobey Maguire,1975,,tobey maguire
nm0000297,Tom Berenger,1949,,tom berenger
nm0002018,Tom Conti,1941,,tom conti
nm0183822,Tom Courtenay,1937,,tom courtenay
nm0000129,Tom Cruise,1962,,tom cruise
nm0000158,Tom Hanks,1956,,tom hanks
nm0362767,Tom Hardy,1944,2008,tom hardy
nm1089991,Tom Hiddleston,1981,,tom hiddleston
nm0276169,Tom Holland,1943,,tom holland
nm0001371,Tom Hulce,1953,,tom hulce
nm0569890,Tom McGrath,1940,2009,tom mcgrath
nm0876451,Tom Tully,1908,1982,tom tully
nm0929489,Tom Wilkinson,1948,,tom wilkinson
nm0000169,Tommy Lee Jones,1946,,tommy lee jones
nm0001057,Toni Collette,1972,,toni collette
nm0000348,Tony Curtis,1925,2010,tony curtis
nm0355024,Tony Hale,1970,,tony hale
nm0867694,Topol,1935,,topol
nm0605078,Tracy Morgan,1943,,tracy morgan
nm0002145,Trevor Howard,1913,1988,trevor howard
nm0001839,Tuesday Weld,1943,,tuesday weld
nm0493341,Twiggy,1949,,twiggy
nm1347153,Tyler Perry,1969,,tyler perry
nm0879085,Tyrese Gibson,1978,,tyrese gibson
nm0000235,Uma Thurman,1970,,uma thurman
nm0580916,Una Merkel,1903,1986,una merkel
nm0000174,Val Kilmer,1959,,val kilmer
nm0181305,Valentina Cortese,1923,2019,valentina cortese
nm0674781,Valerie Perrine,1943,,valerie perrine
nm0001336,Van Heflin,1908,1971,van heflin
nm3948952,Vanessa Kirby,1988,,vanessa kirby
nm0000603,Vanessa Redgrave,1937,,vanessa redgrave
nm0267812,Vera Farmiga,1973,,vera farmiga
nm0120658,Victor Buono,1938,1982,victor buono
nm0572142,Victor McLaglen,1886,1959,victor mclaglen
nm0000595,Victoria Principal,1950,,victoria principal
nm0001557,Viggo Mortensen,1958,,viggo mortensen
nm0004874,Vin Diesel,1967,,vin diesel
nm0000681,Vince Vaughn,1970,,vince vaughn
nm0306696,Vincent Gardenia,1920,1992,vincent gardenia
nm0000609,Ving Rhames,1959,,ving rhames
nm0205626,Viola Davis,1965,,viola davis
nm0000515,Virginia Madsen,1961,,virginia madsen
nm0001120,Vittorio De Sica,1901,1974,vittorio de sica
nm0000046,Vivien Leigh,1913,1967,vivien leigh
nm0580357,Vivien Merchant,1929,1982,vivien merchant
nm0000891,Wallace Beery,1885,1949,wallace beery
nm0000974,Walter Brennan,1894,1974,walter brennan
nm0404158,Walter Huston,1883,1950,walter huston
nm0000527,Walter Matthau,1920,2000,walter matthau
nm0682074,Walter Pidgeon,1897,1984,walter pidgeon
nm0062828,Warner Baxter,1889,1951,warner baxter
nm0000886,Warren Beatty,1937,,warren beatty
nm0384908,Wendy Hiller,1912,2003,wendy hiller
nm0000648,Wesley Snipes,1962,,wesley snipes
nm0000155,Whoopi Goldberg,1955,,whoopi goldberg
nm0004715,Will Arnett,1970,,will arnett
nm0002071,Will Ferrell,1967,,will ferrell
nm0000226,Will Smith,1968,,will smith
nm0000353,Willem Dafoe,1955,,willem dafoe
nm0000904,William Bendix,1906,1964,william bendix
nm0218131,William Demarest,1892,1983,william demarest
nm0307326,William Gargan,1905,1979,william gargan
nm0000513,William H. Macy,1950,,william h. macy
nm0382676,William Hickey,1927,1997,william hickey
nm0390279,William Holden,1862,1932,william holden
nm0000458,William Hurt,1950,2022,william hurt
nm0608440,William Moseley,1987,,william moseley
nm0001635,William Powell,1892,1984,william powell
nm0000638,William Shatner,1931,,william shatner
nm0000213,Winona Ryder,1971,,winona ryder
nm0000095,Woody Allen,1935,,woody allen
nm0000437,Woody Harrelson,1961,,woody harrelson
nm8611957,Yalitza Aparicio,1993,,yalitza aparicio
nm0950926,Youn Yuh-jung,1947,,youn yuh jung
nm0000989,Yul Brynner,1920,1985,yul brynner
nm1374980,Zac Efron,1987,,zac efron
nm0302108,Zach Galifianakis,1969,,zach galifianakis
nm0704270,Zachary Quinto,1977,,zachary quinto
nm3918035,Zendaya,1996,,zendaya
nm0757855,Zoe Saldana,1978,,zoe saldana
nm0001248,Zsa Zsa Gabor,1917,2016,zsa zsa gabor
